timestamp,con_netid,notes,key,point_id,size
2013-12-03T00:00:00,rwh268,"Survey 2018 Issue 66605
",4507132237971456,1,0
2013-12-03T00:00:00,jcg626,Survey 1680 Issue 56117,4516559691186176,1,0
2013-12-03T00:00:00,mok861,"Survey 1807 Issue 56487
",4520579780575232,1,0
2013-12-03T00:00:00,jtw441,Survey 2242 Issue 74142,4523397279121408,1,0
2013-11-15T00:00:00,jmg920,Jordan did NOT fill out the mandatory SV Training Doodle.,4530883407118336,8,0
2013-12-03T00:00:00,bjs588,Survey 2247 Issue 74867,4533172624687104,1,0
2013-12-03T00:00:00,chw675,1741	58055,4540358104973312,1,0
2013-12-03T00:00:00,snw117,"Survey 1779 Issue 59097
",4544893590437888,1,0
2013-12-03T00:00:00,ryy380,"5:00-6:00 shift, drudgery, boring, etc. Rather than going on 9GAG or Reddit, Richard trolled the wiki and found that the NetComm flowchart wasn't on the CONDUITS wiki page. He asked if he could put it there, then modified the code to add it, even formatting it correctly! Great initiative.",4553187172286464,7,0
2013-12-03T00:00:00,asc468,"1939	64283
",4556726225338368,1,0
2013-12-03T00:00:00,szw436,"Survey 1860 Issue 61831
",4565780016398336,1,0
2013-12-03T00:00:00,ngd512,,4569800105787392,7,0
2013-12-03T00:00:00,abc829,Survey 1836 Issue 61016,4580077962526720,1,0
2013-12-03T00:00:00,jjm656,"Survey 1931 Issue 64067
",4586928435363840,1,0
2013-12-03T00:00:00,gml654,Survey 1691 Issue 56676,4588371544375296,1,0
2013-12-03T00:00:00,npy359,"Survey 2056 Issue 67725
",4593766023299072,1,0
2013-12-03T00:00:00,chw675,1742	58156,4596652241321984,1,0
2013-12-03T00:00:00,ssz732,"December 1, 2013. Worked diligently on all of the mail queue that had built up from over the Thanksgiving weekend non-stop. Also, picked up one of Al's 30 minute shifts.",4603541368864768,7,0
2013-12-03T00:00:00,gml654,Survey 1722 Issue 57754,4604984477876224,1,0
2013-12-03T00:00:00,snw117,"Survey 1692 Issue 56654
",4610726849150976,1,0
2013-12-03T00:00:00,szw436,"Survey 1950 Issue 64559
",4616705443627008,1,0
2013-12-03T00:00:00,wgr499,Survey 1844 Issue 61258,4624844406652928,1,0
2013-12-03T00:00:00,xwa360,"Rose did not know/ understand how to provision CIC. When she showed me what she did, she just didn't do the Audio Tuning Wizard option, and since she was sitting at the front, it was provisioned to the wireless headset. Her station was also set to ""&lt;this computer&gt;"" in CIC.",4627094969516032,15,0
2013-12-03T00:00:00,sol307,Survey 2243 Issue 74172,4634928989863936,1,0
2013-12-03T00:00:00,scw421,Survey 1769 Issue 58917,4639829547548672,1,0
2013-12-03T00:00:00,npy359,"Survey 1963 Issue 64955
",4647869726326784,1,0
2013-12-03T00:00:00,bjs588,"Survey 1731 Issue 57853
",4657297179541504,1,0
2013-12-03T00:00:00,rls065,"Survey 2034 Issue 67108
",4664134767476736,1,0
2013-12-03T00:00:00,bdt015,"Survey 1986 Issue 65664
",4673910113042432,1,0
2013-12-03T00:00:00,ryy380,"Survey 2099 Issue 69360
",4681095593328640,1,0
2013-12-03T00:00:00,szw436,"Survey 2158 Issue 71528
",4697463713693696,1,0
2013-12-03T00:00:00,xwa360,"Survey 1751 Issue 58140
",4706517504753664,1,0
2013-12-03T00:00:00,jlp628,"Survey 1885 Issue 62322
",4720815450882048,1,0
2013-12-03T00:00:00,enf727,"Survey 1771 Issue 55521
",4729109032730624,1,0
2013-12-03T00:00:00,lzw409,"Survey 1913 Issue 63364
",4737389729677312,1,0
2013-12-03T00:00:00,jmg920,"Survey 1758 Issue 58335
",4745721966231552,1,0
2013-12-03T00:00:00,pbp830,Left an awkward hour gap for finals week schedule,4757442931982336,8,0
2013-12-03T00:00:00,mpg640,"Survey 2044 Issue 67528
",4765581895008256,1,0
2013-12-03T00:00:00,bjs588,"Survey 1954 Issue 64563
",4775666478219264,1,0
2013-12-03T00:00:00,jcg626,"Survey 2159 Issue 71558
",4780567035904000,1,0
2013-12-03T00:00:00,rgr355,"Survey 1940 Issue 64278
",4788607214682112,1,0
2013-12-03T00:00:00,acn310,Survey 2128 Issue 70313,4798034667896832,1,0
2013-12-03T00:00:00,akr509,1812	60187,4804872255832064,1,0
2013-12-03T00:00:00,chw675,1890	62650,4814647601397760,1,0
2013-10-15T00:00:00,msd737,Sent me a lot of extra availability if needed for next week. Awesome dedication for a new con.,4819520241795072,9,0
2013-12-03T00:00:00,bdr698,"Survey 1784 Issue 59166
",4821833081683968,1,0
2013-12-03T00:00:00,rls065,"Survey 2081 Issue 68693
",4838201202049024,1,0
2013-10-15T00:00:00,jge842,Willing to work extra hours next week if necessary. ,4845771081908224,9,0
2013-12-03T00:00:00,jlp628,"Survey 1865 Issue 61986
",4847254993108992,1,0
2013-12-03T00:00:00,bjs588,"Survey 1773 Issue 54812
",4861552939237376,1,0
2013-12-03T00:00:00,snw117,"Survey 1861 Issue 61572
",4868403412074496,1,0
2013-12-03T00:00:00,rls065,"Survey 2079 Issue 68432
",4869846521085952,1,0
2013-12-03T00:00:00,rjd879,"Survey 2176 Issue 72052
",4878127218032640,1,0
2013-12-03T00:00:00,bjs588,"Survey 1824 Issue 59520
",4886459454586880,1,0
2013-12-03T00:00:00,mok861,"Survey 1686 Issue 56479
",4898180420337664,1,0
2013-12-03T00:00:00,gml654,Survey 1917 Issue 63561,4906319383363584,1,0
2013-10-15T00:00:00,chw675,"Failed to complete SV closing checklist. Multiple computers on. Daily NU's not recycled, not all blinds closed.",4912119736696832,4,0
2013-12-03T00:00:00,chw675,1755	58036,4916403966574592,1,0
2013-12-03T00:00:00,rwh268,"Survey 2051 Issue 67738
",4921304524259328,1,0
2013-11-15T00:00:00,dzl986,Picked up TWO shifts (10/21-11/13).,4927755565137920,10,2
2013-10-20T00:00:00,dcs592,picked up THREE shifts (9/22-10/6),4930880153845760,10,3
2013-12-03T00:00:00,akr509,Survey 1649 Issue 55438,4931921683415040,1,0
2013-12-03T00:00:00,bdt015,"Survey 2029 Issue 65067
",4938772156252160,1,0
2013-10-20T00:00:00,jmg920,"ticket 60306: Jordan copy/pasted the previous description from this ticket when doing the 1/3/5 updates. He didn't change the first sentence, which said ""you called us one (1) day ago,"" so the +3 day message said that they'd called 1 day ago instead of 3.",4939032001773568,3,0
2013-11-30T00:00:00,snw117,"November 15, 2013 (today) Shantaviae was not here by 8:00pm (shift starts 7:45). I called her via the batphone. She responded and arrived shortly (within 15 minutes).",4940215265263616,11,8
2013-12-03T00:00:00,bdt015,"Survey 2057 Issue 67894
",4945609744187392,1,0
2013-10-24T00:00:00,snw117,Picked up ELEVEN shifts (10/7-10/20),4947085065453568,10,11
2013-12-03T00:00:00,lzw409,Survey 2239 Issue 74044,4948495962210304,1,0
2013-10-20T00:00:00,atl686,picked up TWO shifts (9/22-10/6),4949116584984576,10,2
2013-12-03T00:00:00,dzl986,"Survey 2123 Issue 69598
",4955385089753088,1,0
2013-11-30T00:00:00,dhq872,"Donald was dozing off during ER Pt 2 training. He was really trying to keep himself awake, but kept falling asleep. ",4956828198764544,8,0
2013-11-15T00:00:00,jtw441,Picked up TWO shifts (10/21-11/13).,4960929892532224,10,2
2013-10-24T00:00:00,enf727,Picked up NINE shifts (10/7-10/20),4961584875044864,10,9
2013-12-03T00:00:00,jge842,"Survey 1725 Issue 57832
",4962570570039296,1,0
2013-11-15T00:00:00,dzl986,"Today I got a call from someone whose log-in credentials weren't accepted to Kronos. I tried it myself and got the same thing, and Tony did as well, so we all assumed this was the beginning of a campus-wide Kronos issue, and I told her she'd probably receive an update as it was being handled. Dan got a call as well, but he called the Kronos help desk to make sure and they said they've had several calls but that clearing cache and cookies seems to solve most issues. He let us all know immediately, so rather than create a new ticket and link all other Kronos related tickets to mine, we immediately had the solution. I called my caller back and let her know, and it solved her issue. ",4963970729377792,7,0
2013-12-03T00:00:00,bdt015,Survey 1679 Issue 56286,4968549164515328,1,0
2013-10-20T00:00:00,snw117,picked up SIX shifts (9/22-10/6),4968976513761280,10,6
2013-10-24T00:00:00,avs798,Picked up FOUR shifts (10/7-10/20),4969917111599104,10,4
2013-12-02T00:00:00,bdt015,Survey 1651 Issue 52219,4976688127541248,1,0
2013-10-15T00:00:00,pbp830,Said he was willing to work extra hours next week if needed. Another awesome new con!,4977300160380928,9,0
2013-12-03T00:00:00,kjc004,"Survey 1787 Issue 59395
",4978938690404352,1,0
2013-10-25T00:00:00,jmg920,Didn't empty coffee filter or turn off all the computers,4979847075987456,4,0
2013-11-15T00:00:00,msd737,Picked up THREE shifts (10/21-11/13).,4981897922871296,10,3
2013-11-30T00:00:00,cwp435,Picked up ONE shifts (11/14-11/28),4986772710752256,10,1
2013-12-03T00:00:00,jjm656,left cic signed in after shift ended/gone home. ,4987992481464320,8,0
2013-11-30T00:00:00,abg341,Picked up TWO shifts (11/14-11/28),4991673268436992,10,2
2013-11-15T00:00:00,abf333,Picked up TWENTY-NINE shifts (10/21-11/13).,4993537284243456,10,29
2013-10-24T00:00:00,chw675,Picked up THREE shifts (10/7-10/20),4994797857144832,10,3
2013-10-20T00:00:00,avs798,picked up ONE shift (9/22-10/6),4996713412558848,10,1
2013-11-30T00:00:00,syw973,Picked up SEVEN shifts (11/14-11/28),4997754942128128,10,7
2013-12-03T00:00:00,mok861,"Survey 1847 Issue 61365
",5002290427592704,1,0
2013-11-15T00:00:00,jjm656,Issue number 71233. Justin sent the user a response of the directory email and he was asking why he was sent this.,5007727856189440,3,0
2013-12-03T00:00:00,mok861,"Survey 2104 Issue 69352
",5010584009441280,1,0
2013-12-02T00:00:00,bdt015,Survey 1632 Issue 54822,5014123062493184,1,0
2013-12-03T00:00:00,npy359,"Survey 1935 Issue 64165
",5018864706387968,1,0
2013-12-03T00:00:00,bjs588,"Survey 1793 Issue 59518
",5023176853553152,1,0
2013-11-15T00:00:00,acn310,Picked up SEVEN shifts (10/21-11/13).,5026041596739584,10,7
2013-12-03T00:00:00,npy359,"Survey 1718 Issue 57406
",5027196942942208,1,0
2013-10-09T00:00:00,npy359,Helped Manal during her first shift,5029526962700288,2,0
2013-11-30T00:00:00,lvm908,Picked up THREE shifts (11/14-11/28),5033570674409472,10,3
2013-10-24T00:00:00,lvm908,Picked up THREE shifts (10/7-10/20),5039787639570432,10,3
2013-11-15T00:00:00,enf727,Picked up TEN shifts (10/21-11/13).,5041056802406400,10,10
2013-12-02T00:00:00,mpg640,Survey 1621 Issue 54700,5043346019975168,1,0
2013-12-03T00:00:00,mok861,"Survey 1828 Issue 60712
",5047056871718912,1,0
2013-11-30T00:00:00,jcg626,Picked up EIGHT shifts (11/14-11/28),5053121365540864,10,8
2013-12-03T00:00:00,shk172,"Survey 2209 Issue 73221
",5057141454929920,1,0
2013-11-15T00:00:00,mok861,"Did not fill out updated phone number form, even after a message was sent specifically to everyone who hadn't done it yet.",5059370542956544,8,0
2013-10-24T00:00:00,abf333,Picked up TWELVE shifts (10/7-10/20),5060231683899392,10,12
2013-12-03T00:00:00,npy359,"Survey 1759 Issue 58408
",5062042012614656,1,0
2013-12-03T00:00:00,pbp830,Survey 2006 Issue 64939,5063485121626112,1,0
2013-12-03T00:00:00,jcg626,"Survey 1922 Issue 63258
",5070082191392768,1,0
2013-12-03T00:00:00,akr509,1894	62479,5079509644607488,1,0
2013-12-03T00:00:00,xwa360,"Survey 2069 Issue 68045
",5083529733996544,1,0
2013-12-03T00:00:00,wgr499,Survey 1657 Issue 55591,5086347232542720,1,0
2013-10-15T00:00:00,bdr698,"Brian helped (newbie) Christine on a call by writing her a note, and then after the call he introduced himself and explained the issue to her! Very proactive and helpful work.",5087766719234048,2,0
2013-12-03T00:00:00,jjm656,Survey 1664 Issue 55851,5096122578108416,1,0
2013-10-09T00:00:00,snw117,helping out new cons with filling out tickets and other things,5100995218505728,2,0
2013-10-02T00:00:00,jcg626,Unexcused absence from training 9/30.,5102369608040448,13,0
2013-12-03T00:00:00,pbp830,Survey 2199 71007,5103308058394624,1,0
2013-10-15T00:00:00,akr509,He was helping out a new con (Rahul) with filling out tickets and some of his issues when we had some down time.,5113880120393728,2,0
2013-12-03T00:00:00,abc829,Survey 1989 Issue 65693,5119676178759680,1,0
2013-10-06T00:00:00,bjs588,Ben showed up at 11:05am for his 11:30am shift and asked if he could start working early. He then proceeded to work early. Good job!,5127246058618880,7,0
2013-12-03T00:00:00,jmg920,"Survey 1961 Issue 64922
",5128729969819648,1,0
2013-12-03T00:00:00,avs798,"Survey 1831 Issue 59741
",5143027915948032,1,0
2013-12-03T00:00:00,mok861,"Survey 1754 Issue 58378
",5149878388785152,1,0
2013-12-03T00:00:00,gml654,Survey 1920 Issue 63654,5151321497796608,1,0
2013-10-02T00:00:00,xwa360,Not paying attention during training; using phone the majority of the time,5154596410359808,8,0
2013-12-03T00:00:00,npy359,"Survey 2139 Issue 70722
",5156715976720384,1,0
2013-12-03T00:00:00,xwa360,"wasn't here at 7:55, called. Got here by 8:05.",5159602194743296,11,5
2013-10-15T00:00:00,ngd512,"Sent description in Pending Customer ticket 62181 without reading it. Said ""You contacted us today"" 2 days after it happened.",5167653110939648,3,0
2013-12-03T00:00:00,rls065,"Survey 2226 Issue 73704
",5167934431297536,1,0
2013-12-03T00:00:00,snw117,Shantaviae was a con during my shift and since my supervisor was doing something I bounced a quick question about whether adjunct professors were considered affiliates or regular faculty and she was really helpful in clearing that up for me as I'd never dealt with that kind of issue before.,5173676802572288,2,0
2013-12-03T00:00:00,dzl986,"Survey 1966 Issue 64873
",5179655397048320,1,0
2013-10-15T00:00:00,kjc004,Willing to work extra hours and gave me extra availability if needed for next week.,5180572372566016,9,0
2013-10-02T00:00:00,jcg626,"Attempted virus remediation over the phone, which is not supposed to be done. Also told the user to uninstall Windows Defender and use MalwareBytes instead, which is not actual antivirus software. In addition, Symantec can't be installed over Bomgar because Bomgar is considered a security breach. ",5181328286810112,6,0
2013-12-03T00:00:00,chw675,1701	56993,5187794360074240,1,0
2013-10-10T00:00:00,jlp628,"Jessica very patiently assisted an older customer in changing his password who had issues finding the enter key on his keyboard, among other basic computer usage issues.",5193594713407488,5,0
2013-12-03T00:00:00,akr509,"Survey 1967 Issue 64967
",5197878943285248,1,0
2013-12-03T00:00:00,bdt015,"Survey 1753 Issue 58382
",5202779500969984,1,0
2013-11-15T00:00:00,abc829,He completely forgot to submit his time card! I had to remind him on Monday morning...,5209230541848576,8,0
2013-10-25T00:00:00,dcs592,"Kevin responded to an email about VPN asking questions, and didn't ask enough important ones, which would prolong communication.",5210452460044288,3,0
2013-11-30T00:00:00,lzw409,did not complete and approve time card.,5213396660125696,8,0
2013-11-06T00:00:00,lve569,Didn't enter his time card by 5:00 on Friday.,5214618578321408,8,0
2013-11-15T00:00:00,avs798,Picked up SIX shifts (10/21-11/13).,5217537008599040,10,6
2013-10-24T00:00:00,szw436,Picked up EIGHT shifts (10/7-10/20),5218784696598528,10,8
2013-12-03T00:00:00,bjs588,"Survey 2107 Issue 69609
",5220247132962816,1,0
2013-10-20T00:00:00,atl686,Did not attend training on 10/8. No excuse submitted.,5220506978484224,13,0
2013-11-30T00:00:00,scw421,Picked up SIX shifts (11/14-11/28),5221690241974272,10,6
2013-11-15T00:00:00,clw578,Picked up FOUR shifts (10/21-11/13).,5225895014957056,10,4
2013-12-03T00:00:00,gml654,"Survey 2113 Issue 69818
",5227084720898048,1,0
2013-11-30T00:00:00,kjc004,Knowledgeable and very willing to help out newer cons.,5229970938920960,2,0
2013-10-20T00:00:00,jmg920,picked up THREE shifts (9/22-10/6),5230591561695232,10,3
2013-10-09T00:00:00,jge842,Good job staying late for a phone call and working through it.,5232249419071488,5,0
2013-11-06T00:00:00,rls065,Rachael was doing a Bomgar session with a Feinberg IT user. Two issues: she didn't say a word to the user on the phone during the 35 minute call. it was also clear in retrospect she didn't know what she was doing (outlook issue). user was incredibly frustrated.,5232674620833792,6,0
2013-12-03T00:00:00,msd737,"Survey 2186 Issue 72395
",5236860066463744,1,0
2013-11-30T00:00:00,szw436,Picked up SEVEN shifts (11/14-11/28),5238303175475200,10,7
2013-10-24T00:00:00,kjc004,Picked up EIGHT shifts (10/7-10/20),5243059851755520,10,8
2013-12-03T00:00:00,dzl986,"Survey 1921 Issue 63643
",5244045546749952,1,0
2013-11-15T00:00:00,kjc004,He didn't approve his time card until Sunday.,5245445706088448,8,0
2013-09-30T00:00:00,lzw409,Immediately changed his status after the end of a call to pick up another wait agent,5248810812964864,7,0
2013-12-03T00:00:00,asc468,Survey 1668 Issue 55743,5250024141225984,1,0
2013-10-20T00:00:00,zks840,picked up THREE shifts (9/22-10/6),5250451490471936,10,3
2013-10-24T00:00:00,shk172,"I love Sang Hee's phone skills. He's really positive and constantly reassures the user, and he's taken a grand total of 2 calls.",5251392088309760,5,0
2013-11-15T00:00:00,rwh268,"Went off of follow up to pick up a wait agent, even though he had just gotten off  of two consecutive calls and had tickets to fill out.",5256080045113344,7,0
2013-11-30T00:00:00,rwh268,Picked up THREE shifts (11/14-11/28),5258163104251904,10,3
2013-10-06T00:00:00,ngd512,didn't complete checklist for opening on Thursday. ,5258775137091584,4,0
2013-10-20T00:00:00,akr509,picked up ELEVEN shifts (9/22-10/6),5259608360747008,10,11
2013-12-03T00:00:00,jge842,"Survey 1772 Issue 58939
",5260413667115008,1,0
2013-10-24T00:00:00,rkm660,Picked up TEN shifts (10/7-10/20),5261322052698112,10,10
2013-10-02T00:00:00,bjs588,"Issue 58431. Ben set a Laptop ER ticket to ""Pending_Customer"" even though 1) we never set Laptop ER tickets to this status, and 2) he wasn't asking for more information. It should have been closed.",5262142391451648,3,0
2013-11-15T00:00:00,ajf858,Picked up FOUR shifts (10/21-11/13).,5263372899581952,10,4
2013-11-06T00:00:00,pbp830,"Sang Hee was asking for assistance regarding Virus Protection for a retiree and Patrick immediately stepped up, walked over to Sang Hee and said """"I can help you find that"""". 

Bo$$.",5265900487835648,2,0
2013-10-20T00:00:00,jtr121,picked up TWO shifts (9/22-10/6),5267115963580416,10,2
2013-11-30T00:00:00,ssz732,"When I got to my SV shift, Samarth was busy helping a walk-in, even though he wasn't at the front desk, because the front desk staff were busy. ",5268247687462912,7,0
2013-12-03T00:00:00,npy359,Left a REALLY awkward gap for finals week schedule.,5269467458174976,8,0
2013-11-06T00:00:00,jmg920,Jordan was patient and clear when he explained to a new con why it is important to get all of the information before referring an issue somwhere,5270865470029824,2,0
2013-10-15T00:00:00,bjs588,"Updating personal laptop at front desk computer during shift at 1 pm on Friday, 10/11.",5272106715578368,8,0
2013-11-30T00:00:00,shk172,Helping Karan with a NetID call.,5273148245147648,2,0
2013-11-15T00:00:00,jtw441,"Immediately forgot where to assign a ticket right after he was told, and then complained about having to write a ticket. ",5275012260954112,8,0
2013-10-24T00:00:00,jge842,Did an AMAZING job handling an illegitimately irate user. Super professional the whole time. Fantastic.,5276272833855488,5,0
2013-10-20T00:00:00,jcg626,picked up THIRTEEN shifts (9/22-10/6),5278188389269504,10,13
2013-11-30T00:00:00,sol307,no time card entered at all,5279229918838784,8,0
2013-11-06T00:00:00,jcg626,"Grossman sent a bunch of issues in the PC queue that didn't need to be there. Should have been referrals to other places. I sent one to T2, one to KIS, and closed one that had a resolution.",5280245678604288,3,0
2013-12-03T00:00:00,jjm656,"Survey 1706 Issue 57219
",5283765404303360,1,0
2013-11-15T00:00:00,dzl986,"Filled out unassigned shift form with less than 24 hours notice despite knowing for more than 24 hours that he could not work shift. (I know he's newer, but we specifically said this at training at least twice).",5284340929921024,12,0
2013-11-30T00:00:00,acn310,Picked up SIX shifts (11/14-11/28),5288348134408192,10,6
2013-11-15T00:00:00,bjs588,Left ticket open in ER queue and didn't close it before opening SV shift the next morning.,5289202832900096,3,0
2013-10-24T00:00:00,bdt015,Picked up ONE shifts (10/7-10/20),5291730421153792,10,1
2013-12-03T00:00:00,dzl986,"Survey 1870 Issue 62096
",5292058986151936,1,0
2013-11-30T00:00:00,acn310,incomplete time card - nothing entered for second week,5295598039203840,8,0
2013-10-20T00:00:00,abg341,picked up THREE shifts (9/22-10/6),5296940216483840,10,3
2013-10-15T00:00:00,jlp628,Willing to work extra hours next week if needed.,5297773440139264,9,0
2013-11-06T00:00:00,jmg920,"I didn't have time to do this on Friday because I had gotten so busy, but Jordan was helping out Sang Hee big time. He was helping him with how to handle calls, what he should do in situations, etc. Overall, very helpful.",5299332513267712,2,0
2013-12-03T00:00:00,jcg626,"Survey 1818 Issue 60420
",5300339683098624,1,0
2013-10-24T00:00:00,dcs592,Picked up SIX shifts (10/7-10/20),5301815004364800,10,6
2013-11-15T00:00:00,bdr698,Picked up THREE shifts (10/21-11/13).,5303891621052416,10,3
2013-12-03T00:00:00,gml654,Survey 1783 Issue 59231,5304651830263808,1,0
2013-10-24T00:00:00,jtw441,Did not attend training on 10/15 with no excuse.,5305272453038080,13,0
2013-12-03T00:00:00,jjm656,"Survey 2101 Issue 69477
",5308671919652864,1,0
2013-10-06T00:00:00,bdr698,"Brian was really proactive today with the cons shadowing. He would talk to Rachel and Patrick. Show them mail tickets he was working on, and walk through the process of either escalating or closing a mail ticket. For tickets that were more complicated, he would walk them through how he came to his conclusion.",5311001939410944,2,0
2013-11-19T00:00:00,cwp435,Took a call on Samarth's station when he had to go deal with a situation.,5312043468980224,2,0
2013-11-06T00:00:00,abc829,I've noticed that Tony has been doing exceptionally well with the newer cons. He's very approachable and is always on the lookout for those who need extra help. ,5313007689138176,2,0
2013-11-30T00:00:00,snw117,"The benefits of being a senior con: you don't even need to troubleshoot some things anymore. When the user mentioned that a new employee just activated her email, but was having trouble setting up Outlook, Shantaviae knew that the user had only set up her email within the past few minutes (which was correct). Thus, she told the user that the propagation period is approximately 20-30 minutes. Shantaviae encouraged her to visit OWA or to wait for another 30 minutes before setting up the email account on Outlook.",5315045651120128,5,0
2013-10-20T00:00:00,enf727,did not APPROVE time card,5317109382905856,4,0
2013-11-15T00:00:00,shk172,Picked up ONE shift (10/21-11/13).,5317566796922880,10,1
2013-11-15T00:00:00,mok861,"Issue number 67896. Mark was on call a very long time, solving multiple issues, and caller was very happy at end of it.",5322531779117056,5,0
2013-10-10T00:00:00,jlp628,Took over as SV for me while I was in a meeting and did a great job,5323886841298944,2,0
2013-11-30T00:00:00,bdt015,Picked up FOUR shifts (11/14-11/28),5324820996685824,10,4
2013-10-20T00:00:00,bdt015,picked up ELEVEN shifts (9/22-10/6),5325441619460096,10,11
2013-09-30T00:00:00,abf333,Al overslept his SP shift and showed up 40 minutes late.,5327151016443904,13,0
2013-12-03T00:00:00,jcg626,"Survey 1868 Issue 62033
",5328531848429568,1,0
2013-11-06T00:00:00,xwa360,"Issue 69066. Rose did not ask the user with slow/ intermittent Wi-Fi issues in Lindgren for his MAC address or other users' MAC addresses (and NetIDs) after asking me what she should do with the issue and telling her that she needed that information... She asked other, good questions like how long it's been happening and if it's affecting other users, but not this piece of information.",5329594852835328,3,0
2013-11-30T00:00:00,ssz732,Samarth does not do well in high-stress situations/calls. He received a call from an irate Feinberg professor and immediately started to panic. He didn't do a great job of keeping the user calm as he sounded confused and panicky.,5334596342251520,6,0
2013-10-24T00:00:00,atl686,Alberto was 4 minutes late today. We talked about arriving earlier in the future. ,5337669391351808,11,4
2013-12-03T00:00:00,bdt015,"Survey 1683 Issue 56378
",5338616431640576,1,0
2013-09-30T00:00:00,lzw409,"Lyon called the Batphone in the middle of a rush (around 2:30?) saying ""hey, i was unassigned from 1:30 to 4:30, but the thing ended early, would you like me to come in?"" The answer was YES YES YES, so he came in and helped us through the rush. What a stellar guy.",5340482594930688,9,0
2013-11-15T00:00:00,ngd512,Picked up THREE shifts (10/21-11/13).,5340845519667200,10,3
2013-10-24T00:00:00,snw117,"She did an awesome job during our high call volume. When I was stuck on a call, she answered questions for other cons and answered the batphone. It's really a blessing having an experienced con working with you when you supervise!",5341706660610048,2,0
2013-12-03T00:00:00,jge842,"Survey 2137 Issue 70579
",5343516989325312,1,0
2013-11-30T00:00:00,enf727,STILL hasn't learned to APPROVE time card,5344960098336768,8,0
2013-11-06T00:00:00,rkm660,got on phones about 8 minutes early when we had high call volume. ,5345872778887168,7,0
2013-12-03T00:00:00,mok861,"Survey 1702 Issue 57097
",5351557168103424,1,0
2013-12-03T00:00:00,yms192,1734	57922,5360984621318144,1,0
2013-12-03T00:00:00,bdr698,"1757	58487
",5367822209253376,1,0
2013-12-03T00:00:00,rls065,"Survey 2196 Issue 72702
",5377597554819072,1,0
2013-10-16T00:00:00,abf333,Super helpful with new hires!,5382470195216384,2,0
2013-12-03T00:00:00,bdt015,"Survey 1901 Issue 62925
",5384783035105280,1,0
2013-12-03T00:00:00,rls065,"Survey 2197 Issue 72738
",5401151155470336,1,0
2013-12-03T00:00:00,kjc004,"Survey 1879 Issue 62192
",5410204946530304,1,0
2013-12-03T00:00:00,szw436,"Survey 2063 Issue 68214
",5424502892658688,1,0
2013-12-03T00:00:00,jjm656,Left the computer on in the DSS cube but marked that all computers were shut down in the TSC within the checklist. ,5431353365495808,4,0
2013-12-03T00:00:00,gml654,"Survey 2083 Issue 68823
",5432796474507264,1,0
2013-12-03T00:00:00,bdt015,"Survey 2090 Issue 67388
",5441077171453952,1,0
2013-12-03T00:00:00,bdt015,"Survey 1987 Issue 65576
",5449409408008192,1,0
2013-12-03T00:00:00,rkm660,"Survey 2219 Issue 73568
",5461130373758976,1,0
2013-12-03T00:00:00,avs798,"Survey 1806 Issue 59789
",5469269336784896,1,0
2013-10-15T00:00:00,rls065,"Emailed me with tons of extra availability for next week if necessary. Said, ""Anything I can do to help, just let me know"" Awesome initiative for a new con.",5475069690118144,9,0
2013-12-03T00:00:00,avs798,"Survey 1903 Issue 62969
",5479353919995904,1,0
2013-12-03T00:00:00,clw578,"Survey 2001 Issue 66080
",5484254477680640,1,0
2013-11-15T00:00:00,chw675,Picked up TEN shifts (10/21-11/13).,5490705518559232,10,10
2013-12-03T00:00:00,chw675,Survey 1659 Issue 55671,5494871636836352,1,0
2013-12-03T00:00:00,jmg920,"Survey 1821 Issue 60399
",5501722109673472,1,0
2013-12-03T00:00:00,akr509,Survey 2050 Issue 67699,5503165218684928,1,0
2013-12-03T00:00:00,jjm656,"Survey 1948 Issue 64465
",5508559697608704,1,0
2013-12-03T00:00:00,abc829,Survey 1717 Issue 56297,5511445915631616,1,0
2013-10-20T00:00:00,kps725,"Kyle stayed after 6:00 on Friday to help me finish mail queue. After he finished, he asked if there was anything else he could do to help. When I showed him the checklist I was doing, he closed all the blinds and helped me turn off computers and clean the stations.",5512066538405888,2,0
2013-12-03T00:00:00,jjm656,"Survey 1732 Issue 57891
",5518335043174400,1,0
2013-12-03T00:00:00,lvm908,2169	71755,5519778152185856,1,0
2013-10-25T00:00:00,rkm660,"Issue 66971. Rahul assigned this issue to Tier 2 with the only information being that the user had ""difficulties receiving emails to their collaborate account."" There was no mention of any sort of troubleshooting done. In the Internal Notes, there is mention of another problem, but it doesn't show any sort of resolution, either. Deb couldn't do anything with it, and sent it back to us.",5524534828466176,3,0
2013-12-03T00:00:00,kjc004,"Survey 1877 Issue 61764
",5525520523460608,1,0
2013-11-15T00:00:00,jlp628,"Jess, as always, was being very friendly throughout the workplace, and she was helping Justin Dresner out on a few calls and tickets. He then turned to her with some questions throughout the shift.",5526920682799104,2,0
2013-12-03T00:00:00,dcs592,1912	63204,5531499117936640,1,0
2013-10-20T00:00:00,mok861,"1. Filled out Unassign Shift form without 24 hours notice (despite knowing for more than 24 hours he could not work)
2. Did not contact any consultants individually to pick up shifts
",5531926467182592,12,0
2013-12-03T00:00:00,jjm656,Survey 2235 Issue 73871,5539638080962560,1,0
2013-12-03T00:00:00,scw421,"She was SV and was unable to assist Rachael and Deb and Zaven had to get involved, and that call ended with a very frustrated user. ",5541888643825664,15,0
2013-12-02T00:00:00,wgr499,Survey 1629 Issue 55134,5549722664173568,1,0
2013-12-03T00:00:00,asc468,"2220	73590
",5554623221858304,1,0
2013-11-15T00:00:00,jlp628,Picked up SIX shifts (10/21-11/13).,5556487237664768,10,6
2013-10-25T00:00:00,rls065,"Rachael is very professional on the phone, as well as very good at using her resources! She also pointed out an issue with the Service Portfolio main page.",5557747810566144,5,0
2013-12-03T00:00:00,bdt015,Survey 1658 Issue 55736,5560704895549440,1,0
2013-12-03T00:00:00,npy359,"Survey 1766 Issue 58815
",5565240381014016,1,0
2013-11-15T00:00:00,ryy380,Picked up TWO shifts (10/21-11/13).,5570677809610752,10,2
2013-12-03T00:00:00,snw117,"Survey 1799 Issue 59658
",5573533962862592,1,0
2013-12-03T00:00:00,lve569,Survey 1653 Issue 55527,5577073015914496,1,0
2013-12-03T00:00:00,bjs588,"Survey 2058 Issue 67769
",5586126806974464,1,0
2013-12-03T00:00:00,rkm660,"Survey 2154 Issue 71308
",5590146896363520,1,0
2013-11-30T00:00:00,ryy380,Richard went above what was required of him and helped a walk-in user with a software install when the support center wasn't busy.,5596520627830784,5,0
2013-11-15T00:00:00,pbp830,Picked up NINE shifts (10/21-11/13).,5604006755827712,10,9
2013-12-02T00:00:00,akr509,Survey 1633 Issue 54794,5606295973396480,1,0
2013-12-03T00:00:00,avs798,Left a REALLY awkward gap for finals week schedule.,5610006825140224,8,0
2013-11-30T00:00:00,rls065,Picked up THREE shifts (11/14-11/28),5616071318962176,10,3
2013-12-03T00:00:00,jjm656,"Survey 1699 Issue 57056
",5620091408351232,1,0
2013-10-24T00:00:00,asc468,Picked up THREE shifts (10/7-10/20),5623181637320704,10,3
2013-12-03T00:00:00,bjs588,"Survey 1886 Issue 62456
",5626435075047424,1,0
2013-12-03T00:00:00,shk172,"Survey 2100 Issue 69472
",5633032144814080,1,0
2013-10-02T00:00:00,enf727,Did not approve time card,5639274879778816,8,0
2013-12-03T00:00:00,atl686,Survey 2089 Issue 69110,5642459598028800,1,0
2013-12-03T00:00:00,xwa360,"Survey 1887 Issue 62661
",5646479687417856,1,0
2013-12-03T00:00:00,bdt015,Survey 1652 Issue 55561,5649297185964032,1,0
2013-10-15T00:00:00,asc468,"Alex signed the closing supervisor sheet that he had done everything, but this morning (Thursday, October 10) there were still four cups in the sink.",5650716672655360,4,0
2013-09-30T00:00:00,npy359,"Came up with a good solution to a tricky outlook problem, all while maintaining good customer service.",5652331580358656,14,0
2013-12-03T00:00:00,akr509,Survey 1648 Issue 55546,5659072531529728,1,0
2013-10-06T00:00:00,mpg640,Lack of information in internal notes (59911),5663945171927040,3,0
2013-12-03T00:00:00,gml654,Survey 1690 Issue 56615,5666258011815936,1,0
2013-12-03T00:00:00,snw117,"Survey 1896 Issue 62793
",5670793497280512,1,0
2013-10-09T00:00:00,lzw409,"Christine Lu was nervous about working her second shift, and Lyon helped her get started and more acquainted with our policies and procedures.",5676830073815040,2,0
2013-09-30T00:00:00,bdt015,Supervised for most of my shift while I was filming the VPN video with Stefan. ,5678444981518336,2,0
2013-12-03T00:00:00,acn310,Survey 2055 Issue 67811,5682626132180992,1,0
2013-10-06T00:00:00,cam120,Ticket still open in laptop er queue from when he was on shift - a reminder email was sent out last night about it from Austin,5690196012040192,3,0
2013-12-03T00:00:00,mpg640,"Survey 2132 Issue 70444
",5691679923240960,1,0
2013-10-16T00:00:00,rkm660,Assigned to work from 10:30 - 12:30 on 10/16. Has not shown up yet / called as of 11:15am.,5704042986602496,13,0
2013-09-30T00:00:00,jmg920,"Filled out unassigned shift form w/o 24 hours notice, despite knowing he could not work shift for well greater than 24 hours.",5704420943724544,12,0
2013-12-03T00:00:00,dcs592,1937	64178,5705977869369344,1,0
2013-12-03T00:00:00,kjc004,"Survey 1770 Issue 58853
",5712828342206464,1,0
2013-12-03T00:00:00,gml654,Survey 1854 Issue 61550,5714271451217920,1,0
2013-10-06T00:00:00,lzw409,Lyon was helping Kyle who was shadowing and explaining how Smart Classoom issues worked. He was being really helpful.,5717271485874176,2,0
2013-10-02T00:00:00,xwa360,"Filled out the unassigned shift request form with less than 24 hours notice, despite knowing she could not work the shift for more than 24 hours.",5717546363781120,12,0
2013-12-03T00:00:00,npy359,"Survey 2118 Issue 70016
",5719665930141696,1,0
2013-12-03T00:00:00,gml654,Survey 1760 Issue 55982,5722552148164608,1,0
2013-12-03T00:00:00,gml654,left cic signed in after leaving shift.,5729441275707392,8,0
2013-10-09T00:00:00,abc829,Did not fill out Monday morning checklist,5730603064360960,4,0
2013-09-30T00:00:00,kjc004,Didn't show up for morning shift on 9/27. Called at 10:10 to say he forgot.,5730671783837696,13,0
2013-12-03T00:00:00,abg341,Survey 1845 Issue 60914,5730884384718848,1,0
2013-12-03T00:00:00,mok861,"December 1, 2013. Worked diligently on all of the mail queue that had built up from over the Thanksgiving weekend non-stop. Also, picked up one of Al's 30 minute shifts.",5736626755993600,7,0
2013-12-03T00:00:00,dhq872,"Survey 2126 Issue 70187
",5742605350469632,1,0
2013-10-06T00:00:00,jjm656,Assigned a ticket to Smart Classrooms but did not take down callback number or call/lync anyone in Smart Classrooms about this issue,5743522325987328,3,0
2013-12-03T00:00:00,dcs592,1978	65419,5750744313495552,1,0
2013-10-10T00:00:00,pbp830,Knew how to link KB articles to a ticket as per the training.,5756544666828800,14,0
2013-09-30T00:00:00,jcg626,Did not follow proper instructions for inputting prefs in W2W,5757334940811264,8,0
2013-12-03T00:00:00,gml654,Survey 1660 Issue 55611,5760828896706560,1,0
2013-12-03T00:00:00,scw421,Survey 1817 Issue 60274,5765729454391296,1,0
2013-10-02T00:00:00,dzl986,"He's new, but he's picking things up very fast. He was just shadowing, but handling calls when we were short-staffed.",5771972189356032,7,0
2013-10-24T00:00:00,dzl986,"Dan is just killin' it overall. He's very proactive on tickets, as well as just pleasant to be around in the Support Center.",5773402413465600,7,0
2013-11-30T00:00:00,kjc004,Kevin for Issue 73670 asked for a screenshot of the error when there was already one attached.,5776346613547008,3,0
2013-11-06T00:00:00,chw675,"Didn't even enter a time card by 5:00 on Friday.
",5777568531742720,8,0
2013-11-15T00:00:00,jmg920,"Ticket 61122: Jordan either didn't look at the contact information tab or didn't look up the organizational netid  in the NU Online Directory, because he didn't figure out that the Media Cons netid was associated with the University Library. He sent an email (pending customer) and a reminder asking which department the users belonged to, instead of looking at the contact. If he had, he'd see that NU Role had ""organization (lib)"". If he'd looked it up as netid=mcv390 in the Online Directory, he'd see that Department was listed as University Library. This wasted the user's time for something kind of important and easy (changing the toner in the printer)",5780486962020352,3,0
2013-10-09T00:00:00,dzl986,Sooooooooooooooooooooooooooooo professional on the phone! omg...,5781833434267648,5,0
2013-12-03T00:00:00,bjs588,"Survey 2023 Issue 66722
",5783197086384128,1,0
2013-10-20T00:00:00,abf333,picked up NINETEEN shifts (9/22-10/6),5783456931905536,10,19
2013-11-30T00:00:00,dzl986,Didn't stop talking during ER (2) training. Liz eventually told him to shut up so she could listen.,5784640195395584,8,0
2013-09-30T00:00:00,bjs588,Ben was awesome and got to his shift an hour early. Then we got a call from Massman saying they had a bunch of people at ER that they needed to help. Ben volunteered to bike over to ER and work there. He also got homemade cookies from a customer he helped and shared them with the support center. ,5785097609412608,7,0
2013-11-06T00:00:00,dhq872,Donald was sleeping through the first half of his first training until Dane went over and woke him up. ,5785900768296960,8,0
2013-11-15T00:00:00,jlp628,Answering questions for Justin (Robert) Dresden while I was busy talking to Lynne,5788844968378368,2,0
2013-12-03T00:00:00,rls065,"Survey 2230 Issue 73740
",5790034674319360,1,0
2013-10-24T00:00:00,rls065,Was helping new hire James W. while he shadowed. Asked him if he wanted to see how she filled out her ticket after her call.,5791509995585536,2,0
2013-11-30T00:00:00,atl686,Alberto did not take Internal Notes on Issue 73812. The issue was about wireless issues in MacManus.,5792920892342272,3,0
2013-10-06T00:00:00,lve569,Ticket still open in laptop er queue from when he was on shift - a reminder email was sent out last night about it from Austin,5795199372492800,3,0
2013-11-06T00:00:00,atl686,stayed a bit late to help Dan Li through a call he was struggling with!,5795624574255104,2,0
2013-11-19T00:00:00,akr509,"I walked into Norris after SP close for a meeting, and the ER sign was left out on the table. Got the key to put it back in. Asher signed off on the sign out form, but Elizabeth Fillion was also on shift.",5797151435128832,4,0
2013-12-03T00:00:00,ryy380,"Survey 2185 Issue 72342
",5799810019885056,1,0
2013-11-06T00:00:00,zks840,Did not APPROVE her time card by 5:00 on Friday.,5800486477234176,8,0
2013-11-30T00:00:00,shk172,Picked up THREE shifts (11/14-11/28),5801253128896512,10,3
2013-10-20T00:00:00,akr509,Did not attend training on 10/8. No excuse submitted.,5803007623036928,13,0
2013-11-15T00:00:00,jcg626,Consultant didn't get on station until 10 minute after beginning of shift. ,5805354822664192,3,0
2013-10-24T00:00:00,pbp830,"Patrick got the mock phone call 10 minutes before his shift ended and he was willing to stay 35+ minutes to finish the call, and even apologized to me for making me stay, which wasn't an issue at all. He was very patient, and explained things to the user, and he was also very knowledgeable. The user was extremely grateful for Patrick even helping out with printing (even though he technically didn't even have to) and even asked to be transferred to me, so that she could say how great he was and how thankful she was of being assisted by Patrick. This is an exemplary action from an amazing Associate Con. Kudos!",5806009805176832,5,0
2013-12-03T00:00:00,jtw441,"Survey 2042 Issue 67463
",5806995500171264,1,0
2013-11-15T00:00:00,shk172,"Sang Hee showed up 15 minutes late to his shift today, November 1, 2013 (the Year of the Snake).",5808395659509760,11,15
2013-10-15T00:00:00,dzl986,Was willing to work extra hours next week if needed.,5808496591241216,9,0
2013-11-06T00:00:00,lvm908,Didn't enter her time card until Monday morning.,5810897477959680,8,0
2013-09-30T00:00:00,scw421,Got on shift and started taking calls 10 minutes early because we were short-staffed,5811760766386176,7,0
2013-11-30T00:00:00,msd737,Even though she is brand new she is already helping other new consultants locate important information on the wiki in order to resolve issues. ,5812974094647296,2,0
2013-11-19T00:00:00,bdr698,Helping out Andrew Floyd,5816599047045120,2,0
2013-11-14T00:00:00,rjd879,11 minutes late to 12:00 shift,5819029998534656,11,11
2013-11-30T00:00:00,yms192,didn't APPROVE time card.,5821113057673216,8,0
2013-10-06T00:00:00,bjs588,Ben arrived 20 minutes early for his shift,5821725090512896,7,0
2013-10-20T00:00:00,jjm656,picked up SIX shifts (9/22-10/6),5822558314168320,10,6
2013-12-03T00:00:00,rwh268,"Survey 1965 Issue 65023
",5823363620536320,1,0
2013-10-02T00:00:00,mpg640,did not APPROVE time card.,5825092344872960,8,0
2013-11-15T00:00:00,kjc004,Picked up SIX shifts (10/21-11/13).,5826322853003264,10,6
2013-11-06T00:00:00,acn310,"Was on a 45+ minute call with an elderly person from Feinberg who was having a hard time connecting to the wireless and it turns out they just needed to press the button on their laptop. 

She was super patient while on the call!",5828850441256960,5,0
2013-10-20T00:00:00,abc829,picked up FOUR shifts (9/22-10/6),5830065917001728,10,4
2013-11-30T00:00:00,rjd879,Arrived at 8:05 for a 7:45 shift. He called in around 7:45 to say he was going to be late. ,5831197640884224,11,5
2013-12-03T00:00:00,snw117,"Survey 1826 Issue 60591
",5832417411596288,1,0
2013-11-06T00:00:00,gml654,"Didn't even enter a time card by 5:00 on Friday.
",5833815423451136,8,0
2013-10-09T00:00:00,bjs588,helping out shadowers - walking them through the ticketing system and etc. ,5835056668999680,2,0
2013-11-30T00:00:00,dzl986,arrived at 8:09,5836098198568960,11,9
2013-11-15T00:00:00,mpg640,"Matt was unassigned for some shifts for a dentist's appointment, but the dentist rescheduled. He came to his shifts anyway to make sure we weren't understaffed.",5837962214375424,9,0
2013-10-24T00:00:00,snw117,"Shantaviae did a fantastic job demonstrating a great deal of patience for someone needing to do a password reset. This was certainly a simple task, but the man she was working with ... well the call was about 20 minutes. And she didn't sound stressed or rushed at all! That's a lot of patience.",5839222787276800,5,0
2013-11-30T00:00:00,atl686,Alberto helped a newer consultant with an issue and helped explain some general tips for creating a good ticket. ,5842179872260096,2,0
2013-11-06T00:00:00,abg341,Austin did not collect the recipient's contact info for issue number 63074. User called back angry because Austin didn't correctly enter his email address as the recipient.,5843195632025600,3,0
2013-10-24T00:00:00,rwh268,"He did a very good job handling questions on a call from a confused user, stayed professional and calm, and explained things in a consistent manner. They had questions about activating a netid for a new employee who didn't have a ssn, and Randall followed the information on the wiki perfectly. ",5845214266654720,5,0
2013-12-03T00:00:00,jge842,"Survey 1996 Issue 65897
",5846715357724672,1,0
2013-10-20T00:00:00,gml654,picked up FIVE shifts (9/22-10/6),5850114824339456,10,5
2013-11-30T00:00:00,rkm660,Jumped in and took a call for Samarth when he had to leave. ,5851298087829504,2,0
2013-11-14T00:00:00,rls065,Helped Karan with Footprints. She's a total veteran. ,5852152786321408,2,0
2013-12-03T00:00:00,jmg920,"Survey 1975 Issue 65294
",5855008939573248,1,0
2013-11-15T00:00:00,jtr121,Picked up THREE shifts (10/21-11/13).,5857040459104256,10,0
2013-11-30T00:00:00,dhq872,"Is on Reddit while on shift and it's 3:24pm, and there are still some mail queue tickets that should be worked on.",5858547992625152,8,0
2013-10-19T00:00:00,mkl596,for being super dee duper rock my socks off awesome (even though i'm not wearing socks),5859890169905152,1,0
2013-10-10T00:00:00,msd737,"Manal showed up early to the 7:45 shift and was ready to go! She also handled her first call well, explaining to a disgruntled user that our password change procedure was for the user's protection (as opposed to putting NUIT in the wrong). ",5860723393560576,5,0
2013-11-06T00:00:00,abc829,did not complete morning checklist - password reset machines were not logged in,5862282466689024,4,0
2013-12-03T00:00:00,ryy380,"Survey 2036 Issue 67228
",5863289636519936,1,0
2013-09-30T00:00:00,bjs588,Ben volunteered to stay an extra hour after his shift since we were short-staffed.,5863987568705536,9,0
2013-10-24T00:00:00,ngd512,Individual provided excellent assistance and was very patient with my inquiries and requests.,5864764957786112,2,0
2013-11-15T00:00:00,gml654,4 minutes late to shift (9:04 this morning).,5866841574473728,11,4
2013-12-03T00:00:00,bdr698,Survey 1669 Issue 56037,5867601783685120,1,0
2013-10-24T00:00:00,snw117,"Shantaviae was doing an overall great job as Supervisor today. She was working consistently on issues, and she would constantly remind others to do the same. She also kept a watchful eye on CIC and would ask people when they were on No ACD why they were on No ACD.",5868222406459392,7,0
2013-11-15T00:00:00,snw117,"Shantaviae evidently handled an issue well enough for the user to respond with ""You guys are great!""
Issue 68471",5870466526871552,5,0
2013-12-03T00:00:00,clw578,"Survey 2200 Issue 66961
",5871621873074176,1,0
2013-11-06T00:00:00,rls065,Did not APPROVE her time card by 5:00 on Friday.,5872916805713920,8,0
2013-10-06T00:00:00,atl686,"Alberto was the first to go on available this morning by several minutes, before 8 am ",5873951892832256,7,0
2013-11-19T00:00:00,syw973,Was very calm and professional during a 1:45 minute call. ,5874993422401536,5,0
2013-11-06T00:00:00,szw436,Helping Drew on his first day look up tickets in footprints.,5875957642559488,2,0
2013-10-02T00:00:00,bjs588,Lent his phone to complete an interview.,5876975549808640,2,0
2013-11-30T00:00:00,jlp628,Taught Samarth how to open the front door. ,5877995604541440,2,0
2013-11-15T00:00:00,dzl986,"Dan sent a Project Cafe ticket to Feinberg IT that should have gone to Tier 2, causing a great deal of inconvenience for both tier 2 and feinberg",5880516750344192,3,0
2013-12-03T00:00:00,xwa360,Rose left her shift with her FootPrints still open and logged in and the computer not logged out,5883342838824960,8,0
2013-10-24T00:00:00,akr509,"Another experienced con, helped Manal finish her tickets before signing in to take calls.",5884212569702400,2,0
2013-11-14T00:00:00,bdt015,forgot to clean out the coffee pot on his closing shift on 11/12/13,5885481732538368,4,0
2013-10-09T00:00:00,avs798,Helped Rachael during her first shift,5886836794720256,2,0
2013-11-30T00:00:00,ajf858,did not approve timecard,5887770950107136,8,0
2013-10-20T00:00:00,bjs588,picked up SIX shifts (9/22-10/6),5888391572881408,10,6
2013-11-19T00:00:00,dzl986,"Good at assisting users with walk-in password changes; especially when I was stuck on call. 

Also helped Manal with Adobe licensing info",5889647850815488,2,0
2013-12-03T00:00:00,jmg920,"Survey 1898 Issue 62868
",5891481801850880,1,0
2013-11-06T00:00:00,enf727,Did not APPROVE her time card by 5:00 on Friday.,5892544806256640,8,0
2013-11-06T00:00:00,bjs588,Helping new cons with categorization/general questions.,5895508333690880,2,0
2013-10-20T00:00:00,enf727,picked up TWENTY ONE shifts (9/22-10/6),5896517651005440,10,21
2013-11-30T00:00:00,dzl986,"Very, very, very helpful with Cornelius Muhamba on his first shift.",5897546295672832,2,0
2013-11-15T00:00:00,mpg640,Picked up ONE shift (10/21-11/13).,5899577815203840,10,1
2013-10-06T00:00:00,avs798,"While Rachael and Patrick were shadowing, he would walk up to them after his call and ask them if they had any questions. He would offer to show them his ticket, how he filled it out, and why. ",5900202732945408,2,0
2013-12-03T00:00:00,gml654,"Survey 2224 Issue 73570
",5901566385061888,1,0
2013-09-30T00:00:00,bdt015,"Filled out unassigned shift form w/o 24 hours notice, despite knowing he could not work shift for well greater than 24 hours.",5903432548352000,12,0
2013-10-24T00:00:00,atl686,Alberto was 7 minutes late to the morning shift. ,5904656614031360,11,7
2013-12-03T00:00:00,jge842,"Survey 1878 Issue 62176
",5906466942746624,1,0
2013-11-30T00:00:00,dzl986,"""Filled out unassignment form with less the 24 hours notice, despite knowing for more than 24 hours than he could not work shift. 
Also contacted 3 red people. (To be fair, he was just trying to get a half hour covered so he was picking people who's shifts ended before or started after his, but they were still all red.)""",5907910051758080,8,0
2013-11-06T00:00:00,kes690,"Didn't even enter a time card by 5:00 on Friday.
",5908822732308480,8,0
2013-12-03T00:00:00,jjm656,"Survey 2175 Issue 72024
",5914507121524736,1,0
2013-12-03T00:00:00,ngd512,"2108	67547
",5923934574739456,1,0
2013-12-03T00:00:00,acn310,Survey 2078 Issue 68558,5930772162674688,1,0
2013-12-03T00:00:00,avs798,"Survey 1832 Issue 60854
",5940547508240384,1,0
2013-10-15T00:00:00,jcg626,User Joseph Epstein is eternally grateful to James for resolving his Apple Mail issue. Issue #59414,5945420148637696,1,0
2013-12-03T00:00:00,kpm541,"Survey 2195 Issue 72641
",5947732988526592,1,0
2013-12-03T00:00:00,rls065,"Survey 2173 Issue 71950
",5964101108891648,1,0
2013-10-16T00:00:00,dzl986,not here until 8:06am for 7:45am shift,5971670988750848,11,6
2013-12-03T00:00:00,jjm656,"Survey 1960 Issue 64914
",5973154899951616,1,0
2013-12-03T00:00:00,gml654,"Survey 2167 Issue 71904
",5987452846080000,1,0
2013-12-03T00:00:00,sol307,Not following explicit instructions for picking up finals week shifts.,5994303318917120,8,0
2013-12-03T00:00:00,bjs588,"Survey 1910 Issue 63247
",5995746427928576,1,0
2013-12-03T00:00:00,bdt015,"Survey 1875 Issue 61940
",6004027124875264,1,0
2013-12-03T00:00:00,szw436,"Survey 1729 Issue 57921
",6012359361429504,1,0
2013-12-03T00:00:00,mok861,"Survey 1689 Issue 56491
",6024080327180288,1,0
2013-12-03T00:00:00,bdr698,"1780	59202
",6032219290206208,1,0
2013-10-15T00:00:00,abc829,Volunteered to work through pinked hours on Friday next week if needed.,6038019643539456,9,0
2013-12-03T00:00:00,gml654,Survey 1945 Issue 64482,6042303873417216,1,0
2013-12-03T00:00:00,msd737,"Survey 2027 Issue 66808
",6047204431101952,1,0
2013-11-15T00:00:00,rgr355,Picked up FOUR shifts (10/21-11/13).,6053655471980544,10,4
2013-10-20T00:00:00,dzl986,Did not attend training on 10/8. No excuse submitted.,6056780060688384,13,0
2013-12-03T00:00:00,ssz732,Survey 2252 Issue 74942,6057821590257664,1,0
2013-12-03T00:00:00,mpg640,"Survey 1790 Issue 59413
",6064672063094784,1,0
2013-12-03T00:00:00,akr509,"1765	58763
",6066115172106240,1,0
2013-12-03T00:00:00,jmg920,"Survey 2016 Issue 65942
",6071509651030016,1,0
2013-10-24T00:00:00,gml654,Unintelligible notes for ticket 63010. Too many abbreviations. Also did not look up user's NetID to add to a ticket. ,6072984972296192,3,0
2013-12-03T00:00:00,jjm656,Survey 1667 Issue 55961,6074395869052928,1,0
2013-10-20T00:00:00,jjm656,Filled out unassigned shift form with less than 24 hours notice.,6075016491827200,12,0
2013-12-03T00:00:00,jge842,"Survey 2028 Issue 66653
",6081284996595712,1,0
2013-11-30T00:00:00,kjc004,Did not close issue number 73336 at LaptopER. Issue open from when reported until opening shift of the next day. Notified by iccons listserv and direct email. Kevin was the only person on shift according to the time stamp of the request and the schedule.,6082728105607168,3,0
2013-11-15T00:00:00,npy359,Nathan jumped in and answered some general questions Karan had while Chintan was busy helping another con ,6086829799374848,2,0
2013-10-24T00:00:00,jcg626,Picked up FIFTEEN shifts (10/7-10/20),6087484781887488,10,15
2013-12-03T00:00:00,jge842,"Survey 1938 Issue 64239
",6088470476881920,1,0
2013-11-15T00:00:00,rls065,Picked up ONE shifts (10/21-11/13).,6089870636220416,10,1
2013-12-03T00:00:00,acn310,Survey 2207 Issue 73005,6094449071357952,1,0
2013-10-20T00:00:00,mpg640,Continued taking calls even after his shift ended because we were really busy,6094876420603904,7,0
2013-10-25T00:00:00,rgr355,Rene is always a pleasure to work with.  He does his best to help people and is always friendly to myself and other coworkers.  He presents a very positive image for NUIT.,6095817018441728,7,0
2013-12-03T00:00:00,asc468,Survey 1655 Issue 55478,6102588034383872,1,0
2013-12-03T00:00:00,mok861,"Survey 1802 Issue 59763
",6104838597246976,1,0
2013-11-15T00:00:00,dcs592,Picked up FIVE shifts (10/21-11/13).,6107797829713920,10,0
2013-11-30T00:00:00,msd737,Picked up FOUR shifts (11/14-11/28),6112672617594880,10,4
2013-11-30T00:00:00,jjm656,Picked up ELEVEN shifts (11/14-11/28),6117573175279616,10,11
2013-11-15T00:00:00,lvm908,Picked up TEN shifts (10/21-11/13).,6119437191086080,10,10
2013-10-24T00:00:00,npy359,Picked up TWO shifts (10/7-10/20),6120697763987456,10,2
2013-10-20T00:00:00,zks840,didn't APPROVE his time card.,6122613319401472,4,0
2013-11-30T00:00:00,atl686,Alberto helps me all the time with stuff related to footprints and other various NUIT related activities. He is always cheerful in the wee hours of morning too.,6123654848970752,2,0
2013-12-03T00:00:00,npy359,"Survey 1719 Issue 57406
",6128190334435328,1,0
2013-11-15T00:00:00,gml654,Late for 11:45 shift. Called at Batphone at 12:10. Got in at 12:25.,6133627763032064,11,25
2013-12-03T00:00:00,xwa360,"Survey 2033 Issue 67105
",6136483916283904,1,0
2013-12-02T00:00:00,jtr121,Survey 1639 Issue 55367,6140022969335808,1,0
2013-12-03T00:00:00,bjs588,"Survey 1872 Issue 61927
",6149076760395776,1,0
2013-11-15T00:00:00,kes690,Picked up FOUR shifts (10/21-11/13).,6151941503582208,10,4
2013-12-03T00:00:00,rkm660,"Survey 2153 Issue 71262
",6153096849784832,1,0
2013-11-30T00:00:00,ssz732,Picked up EIGHT shifts (11/14-11/28),6159470581252096,10,8
2013-10-24T00:00:00,jtr121,Picked up THREE shifts (10/7-10/20),6165687546413056,10,3
2013-11-15T00:00:00,yms192,Picked up EIGHT shifts (10/21-11/13).,6166956709249024,1,8
2013-12-02T00:00:00,bdt015,Survey 1623 Issue 54888,6169245926817792,1,0
2013-12-03T00:00:00,snw117,"Survey 2134 Issue 70178
",6172956778561536,1,0
2013-11-30T00:00:00,jlp628,Picked up FOUR shifts (11/14-11/28),6179021272383488,10,4
2013-12-03T00:00:00,jcg626,"Survey 1678 Issue 56294
",6183041361772544,1,0
2013-11-15T00:00:00,asc468,Picked up THIRTY shifts (10/21-11/13).,6185270449799168,10,30
2013-10-24T00:00:00,acn310,Picked up FOUR shifts (10/7-10/20),6186131590742016,10,4
2013-12-03T00:00:00,bjs588,"Survey 1785 Issue 59344
",6189385028468736,1,0
2013-12-03T00:00:00,jge842,"Survey 1970 Issue 65171
",6195982098235392,1,0
2013-12-03T00:00:00,ajf858,Survey 2109 Issue 69682,6205409551450112,1,0
2013-12-03T00:00:00,snw117,"Survey 1708 Issue 57205
",6209429640839168,1,0
2013-12-03T00:00:00,szw436,Survey 1666 Issue 55910,6212247139385344,1,0
2013-10-15T00:00:00,lzw409,Willing to work longer shifts next week if necessary. ,6213666626076672,9,0
2013-12-03T00:00:00,abf333,Survey 1915 Issue 63509,6222022484951040,1,0
2013-10-15T00:00:00,bjs588,This is the 2nd time he has shown up 30 minutes early for his shift. The first time was really helpful because we were swamped with calls. Its helpful now too because we are down 2 cons. He's volunteered both times to hop on calls.,6226895125348352,9,0
2013-12-03T00:00:00,bdr698,"1777	58602
",6229207965237248,1,0
2013-10-15T00:00:00,snw117,Willing to work longer shifts if needed next week.,6239780027236352,9,0
2013-12-03T00:00:00,chw675,1815	60365,6245576085602304,1,0
2013-10-10T00:00:00,kjc004,Kevin's been really helpful to Rachel on shift today,6253145965461504,2,0
2013-12-03T00:00:00,dzl986,"Survey 2035 Issue 66826
",6254629876662272,1,0
2013-10-02T00:00:00,akr509,"He was doing a good job of keeping an eye on the rest of the support center, he notified another con that they were on away from desk when they had forgotten to change it back to available ",6254726513426432,2,0
2013-12-03T00:00:00,rls065,"Survey 2146 Issue 71017
",6268927822790656,1,0
2013-12-03T00:00:00,snw117,"Survey 1792 Issue 59582
",6275778295627776,1,0
2013-12-03T00:00:00,abg341,Survey 1835 Issue 60797,6277221404639232,1,0
2013-12-03T00:00:00,atl686,Picked up back to back shifts at different locations for finals week.,6282615883563008,8,0
2013-12-03T00:00:00,rls065,"Survey 2073 Issue 68436
",6285502101585920,1,0
2013-10-15T00:00:00,npy359,Nathan noticed on the W2W schedule we were light people from 3:30-4:00 and volunteered to pick up the shift without being asked. Good stuff.,6293553017782272,9,0
2013-12-03T00:00:00,bjs588,"Survey 1782 Issue 59209
",6293834338140160,1,0
2013-12-03T00:00:00,gml654,Closed out of Chrome and lost seven tickets,6299576709414912,3,0
2013-12-03T00:00:00,jjm656,"Survey 2143 Issue 70906
",6305555303890944,1,0
2013-12-03T00:00:00,scw421,"Allowed Kevin Chen to have his feet up with shoes off, as supervisor",6313694266916864,8,0
2013-10-15T00:00:00,atl686,Alberto was helping out new cons this morning when things were too busy for me to answer all of the questions. ,6319494620250112,2,0
2013-12-03T00:00:00,zks840,Survey 1889 Issue 62679,6323778850127872,1,0
2013-12-03T00:00:00,enf727,"Survey 1775 Issue 58138
",6328679407812608,1,0
2013-11-15T00:00:00,mok861,Picked up THIRTEEN shifts (10/21-11/13).,6335130448691200,10,13
2013-10-25T00:00:00,dzl986,"Dan, obviously, has been very good with phone calls and emails. Something I wanted to compliment him on was his thoughtfulness: he asked if we had Clorox or Lysol wipes because he wanted to wipe down his station and headset because he was sick and didn't want to get the next person that used his station to catch anything.",6336352366886912,7,0
2013-11-30T00:00:00,dcs592,Picked up FOUR shifts (11/14-11/28),6339296566968320,10,4
2013-11-06T00:00:00,xwa360,showed up 11 minutes late to her Friday shift at 4pm,6340518485164032,11,11
2013-11-15T00:00:00,dhq872,"Was not doing any tickets, just generally sitting at computer in the morning today looking around not doing much. I told everyone to work on tickets if they have nothing to do and he still did nothing. ",6343436915441664,8,0
2013-10-24T00:00:00,mok861,Did not attend training on 10/15 with not excuse.,6344684603441152,13,0
2013-12-03T00:00:00,szw436,"Survey 1789 Issue 59495
",6346147039805440,1,0
2013-10-20T00:00:00,wgr499,"63046 said 'good job, thanks' in reply to billy's support. ",6346406885326848,1,0
2013-11-30T00:00:00,chw675,Picked up THREE shifts (11/14-11/28),6347590148816896,10,3
2013-11-15T00:00:00,lzw409,Sent Justin Dresner a reminder email about closing a ticket he had left in progress and completely unfinished. ,6351794921799680,2,0
2013-12-03T00:00:00,szw436,"Survey 2103 Issue 69540
",6352984627740672,1,0
2013-10-24T00:00:00,pbp830,Picked up TWELVE shifts (10/7-10/20),6354459949006848,10,12
2013-12-02T00:00:00,abf333,Survey 1641 Issue 55430,6355870845763584,1,0
2013-10-20T00:00:00,mok861,picked up TWO shifts (9/22-10/6),6356491468537856,10,2
2013-10-15T00:00:00,atl686,"Alberto was helping clarify some FootPrints quirks to Dan Li! Some good work, Alberto. Nick approves, Alberto. Alberto.",6358149325914112,2,0
2013-10-02T00:00:00,jjm656,Reassigned ticket 55358 to tier2 with insufficient details,6361379141320704,3,0
2013-12-03T00:00:00,clw578,"Survey 2031 Issue 66929
",6362759973306368,1,0
2013-11-30T00:00:00,snw117,Picked up NINE shifts (11/14-11/28),6364203082317824,1,9
2013-11-15T00:00:00,cam120,"He didn't submit/approve his time card until Sunday. tsk, tsk",6368304776085504,8,0
2013-10-24T00:00:00,abc829,Picked up FOUR shifts (10/7-10/20),6368959758598144,10,4
2013-12-03T00:00:00,dzl986,"Survey 1982 Issue 65507
",6369945453592576,1,0
2013-11-15T00:00:00,abc829,Picked up ONE shift (10/21-11/13).,6371345612931072,10,1
2013-12-03T00:00:00,jtr121,Survey 1675 Issue 55762,6375924048068608,1,0
2013-10-20T00:00:00,chw675,picked up FOURTEEN shifts (9/22-10/6),6376351397314560,10,14
2013-10-24T00:00:00,gml654,Picked up THREE shifts (10/7-10/20),6377291995152384,10,3
2013-11-15T00:00:00,ajf858,Helping new con Steven while I was helping someone else,6381979951955968,2,0
2013-11-30T00:00:00,pbp830,Picked up TWO shifts (11/14-11/28),6384063011094528,10,2
2013-10-15T00:00:00,ngd512,Forgot he had a shift on Sunday (10/13) starting at 11:45. I called and he arrived at 12:25.,6384675043934208,11,25
2013-12-03T00:00:00,jjm656,"Survey 1906 Issue 63133
",6386313573957632,1,0
2013-10-24T00:00:00,bjs588,Picked up THREE shifts (10/7-10/20),6387221959540736,10,3
2013-11-15T00:00:00,mpg640,Issue 64031. Gliebe sent an email to the user with an answer that didn't cover all interpretations of her vague question.,6389272806424576,3,0
2013-10-20T00:00:00,dzl986,Dan stayed after 6:00 on Friday to help me finish mail queue. That shows awesome dedication to the job.,6393015870423040,2,0
2013-11-30T00:00:00,enf727,Picked up SIX shifts (11/14-11/28),6394147594305536,10,6
2013-12-03T00:00:00,chw675,Not all consultants set to Gone Home when I got in on 11/23. Sung Yoon Whang was still set as Available when I got in.,6395367365017600,4,0
2013-10-16T00:00:00,kjc004,Rachael was having trouble with her headset and her caller couldn't hear her. Kevin (who was sitting next to Rachael) was quick to grab the call from her in CIC and take over.,6398006622420992,2,0
2013-11-30T00:00:00,dhq872,"showed up 10 minutes late, no call, did not answer phone when called at 4:06. Said that ""the shuttle didn't come""",6399048151990272,11,10
2013-11-15T00:00:00,abf333,"Late to 11:45 shift and wasn't available until past 12:05.
",6400912167796736,11,5
2013-10-24T00:00:00,jlp628,Picked up FIVE shifts (10/7-10/20),6402172740698112,10,5
2013-10-20T00:00:00,asc468,picked up TEN shifts (9/22-10/6),6404088296112128,10,10
2013-11-30T00:00:00,asc468,Picked up TWENTY-TWO shifts (11/14-11/28),6405129825681408,10,22
2013-12-03T00:00:00,mok861,"Survey 1846 Issue 61364
",6409665311145984,1,0
2013-11-15T00:00:00,xwa360,"Did not fill out updated phone number form, even after a message was sent specifically to everyone who hadn't done it yet.",6410240836763648,8,0
2013-11-15T00:00:00,clw578,"She received a phone call from someone requesting NU Fin support. She attempted to transfer, but the transfer did not go through. The guy did not have a callback number that we could use, so we could not contact him. Yet, she then again received a transfer from Alejandro with the same guy. Christine again forwarded the guy to Tier 2; the call went through this time, but when Zaven answered, he could not hear anything, so he hung up. I told Christine that next time, if we have a disgruntled caller, we should get the callback number and when someone calls for NU fin, we encourage them to, in the future call our number and select option 2 from the phone tree.",6415102739742720,6,0
2013-10-24T00:00:00,scw421,Picked up SIX shifts (10/7-10/20),6417630327996416,10,6
2013-12-03T00:00:00,dzl986,"Survey 2215 Issue 73500
",6417958892994560,1,0
2013-11-30T00:00:00,dhq872,Picked up TWO shifts (11/14-11/28),6421497946046464,10,2
2013-10-20T00:00:00,lvm908,picked up ONE shift (9/22-10/6),6422840123326464,10,1
2013-11-06T00:00:00,mpg640,Filled out unassign shift form with less than 24 hours notice.,6425232420110336,12,0
2013-12-03T00:00:00,jlp628,"Survey 1687 Issue 56419
",6426239589941248,1,0
2013-12-03T00:00:00,gml654,Survey 1943 Issue 64413,6430551737106432,1,0
2013-10-24T00:00:00,jjm656,Issue 63096. Justin didn't include the third part of the three-point resolution. He also didn't provide links or info about how to update to the latest version of Firefox.,6431172359880704,3,0
2013-11-15T00:00:00,jjm656,"Wasn't even on shift, but assisted with Closing, advising the cons who were on shift, and basically acted as a stand in supervisor while Carrie talked to Lynne elsewhere.",6433416480292864,2,0
2013-12-03T00:00:00,kjc004,"Survey 1778 Issue 59080
",6434571826495488,1,0
2013-10-06T00:00:00,abf333,"Al knew how to remove one's wildcard photo from Exchange services (email, lync, etc). No one else on shift knew how to do this!",6436901846253568,14,0
2013-11-06T00:00:00,jge842,Checked in with new hire Sang Hee to see if he needed any help,6438907595980800,2,0
2013-11-30T00:00:00,dzl986,Picked up SIX shifts (11/14-11/28),6440945557962752,10,6
2013-10-20T00:00:00,mok861,Did not attend training on 10/8. No excuse submitted.,6443009289748480,13,0
2013-11-15T00:00:00,dhq872,"Donald didn't work on any mail tickets unless I specifically called him out and prompted him to do mail queue. Even when he did mail tickets, he seemed to not have an understanding of the three point resolution, and didn't make the effort to try to look up information himself. I had to specifically ask him if he checked the wiki and the IT website before he tried looking it up himself.",6443466703765504,8,0
2013-10-24T00:00:00,mok861,Picked up ONE shift (10/7-10/20),6447162523123712,10,1
2013-11-15T00:00:00,cwp435,Picked up TWO shifts (10/21-11/13).,6448431685959680,10,2
2013-10-15T00:00:00,kjc004,Answering question for  while i was busy helping Kyle after he was off shift.,6449786748141568,2,0
2013-11-30T00:00:00,sol307,"Steven has not answered three different email attempts to schedule the New Hire Follow-Up training. Two were to the entire group, and one was a personal email. As a result, we are pushing training back until Reading Week.",6450720903528448,8,0
2013-09-30T00:00:00,lzw409,"A swarm of freshman came in (7-8) who did not receive NetIDs and needed to activate their accounts. Lyon was very polite and explained how he would get activation codes for the group, and then gathered info and IDs for each person and distributed the tasks between available cons. ",6453050923286528,5,0
2013-12-03T00:00:00,rgr355,"Survey 1730 Issue 57559
",6454431755272192,1,0
2013-11-06T00:00:00,kjc004,"Walked into TSC and he had his shoes off, and his feet up resting on the file cabnet next to the corner station. Not cool",6455494759677952,8,0
2013-11-30T00:00:00,cwp435,did not approve time card.......,6460496249094144,8,0
2013-12-03T00:00:00,rwh268,"Survey 2020 Issue 66631
",6464516338483200,1,0
2013-11-15T00:00:00,jjm656,Picked up SEVENTEEN shifts (10/21-11/13).,6466745426509824,10,17
2013-12-03T00:00:00,jjm656,"Survey 2014 Issue 66321
",6469416896167936,1,0
2013-12-03T00:00:00,chw675,Survey 1663 Issue 55832,6470860005179392,1,0
2013-12-03T00:00:00,mok861,"Survey 2046 Issue 67415
",6477457074946048,1,0
2013-12-03T00:00:00,rls065,"Survey 2165 Issue 71880
",6486884528160768,1,0
2013-12-03T00:00:00,avs798,"Survey 2117 Issue 69993
",6493722116096000,1,0
2013-12-03T00:00:00,lzw409,"Survey 1700 Issue 57044
",6503497461661696,1,0
2013-12-03T00:00:00,mpg640,"Survey 1682 Issue 56366
",6510682941947904,1,0
2013-12-03T00:00:00,gml654,"Survey 2188 Issue 72385
",6527051062312960,1,0
2013-12-03T00:00:00,rkm660,"Survey 1933 Issue 63904
",6536104853372928,1,0
2013-12-03T00:00:00,shk172,"Survey 2066 Issue 68358
",6550402799501312,1,0
2013-12-03T00:00:00,szw436,"Survey 1984 Issue 65635
",6558696381349888,1,0
2013-12-03T00:00:00,bdt015,"Survey 2214 Issue 73337
",6566977078296576,1,0
2013-12-03T00:00:00,mpg640,"Survey 1720 Issue 56417
",6575309314850816,1,0
2013-12-03T00:00:00,snw117,"Survey 1849 Issue 61481
",6587030280601600,1,0
2013-12-03T00:00:00,avs798,"Survey 1916 Issue 63483
",6595169243627520,1,0
2013-10-15T00:00:00,jjm656,talked to tier2 about slow blackboard loading issues and let everyone know about it,6600969596960768,7,0
2013-12-03T00:00:00,rls065,"Survey 2070 Issue 68406
",6605253826838528,1,0
2013-12-03T00:00:00,jcg626,"Survey 2085 Issue 68924
",6610154384523264,1,0
2013-11-15T00:00:00,snw117,Picked up EIGHT shifts (10/21-11/13).,6616605425401856,10,8
2013-12-03T00:00:00,abf333,"2131	70394
",6620771543678976,1,0
2013-12-03T00:00:00,jcg626,"Survey 2114 Issue 69749
",6627622016516096,1,0
2013-12-03T00:00:00,akr509,Survey 2062 Issue 68204,6629065125527552,1,0
2013-12-03T00:00:00,npy359,"Survey 1694 Issue 56882
",6634459604451328,1,0
2013-12-03T00:00:00,lvm908,1985	65083,6637345822474240,1,0
2013-12-03T00:00:00,npy359,"Survey 1738 Issue 57986
",6644234950017024,1,0
2013-12-03T00:00:00,chw675,1703	57102,6645678059028480,1,0
2013-12-03T00:00:00,mok861,"Survey 2068 Issue 67905
",6651420430303232,1,0
2013-12-03T00:00:00,gml654,"Survey 1947 Issue 64497
",6657399024779264,1,0
2013-12-03T00:00:00,ajf858,Survey 2227 Issue 73707,6665537987805184,1,0
2013-12-03T00:00:00,cam120,late to shift 11/4,6667788550668288,11,15
2013-12-03T00:00:00,jge842,Survey 2245 Issue 74723,6675622571016192,1,0
2013-12-03T00:00:00,cam120,2010	66293,6680523128700928,1,0
2013-11-15T00:00:00,xwa360,"Rose did not complete the Feinberg Quiz that was originally due on November 5. As of today, November 10, she has still not completed it.",6682387144507392,7,0
2013-10-25T00:00:00,rkm660,Sounding very professional on the phone--he's doing a great job and handles new situations calmly and properly. ,6683647717408768,5,0
2013-12-03T00:00:00,enf727,Survey 1677 Issue 55652,6686604802392064,1,0
2013-12-03T00:00:00,rkm660,"Survey 2218 Issue 73568
",6691140287856640,1,0
2013-12-03T00:00:00,kjc004,Picked up back-to-back shifts at different locations for finals week,6699433869705216,8,0
2013-12-03T00:00:00,bdt015,There were 12 PC issues in the Sunday (10/12) opening queue that had over 2.5-3 days since last interaction. Nothing was updated.,6702972922757120,8,0
2013-12-03T00:00:00,gml654,"Survey 1946 Issue 64498
",6712026713817088,1,0
2013-12-03T00:00:00,xwa360,"Survey 1786 Issue 59385
",6716046803206144,1,0
2013-11-30T00:00:00,jtw441,Was able to resolve an issue that a previous consultant did not handle correctly quickly and efficiently. The user was very happy and it even helped make Tier 2's life a little easier. Great job James!,6722420534673408,5,0
2013-11-15T00:00:00,sol307,"Did not fill out updated phone number form, even after a message was sent specifically to everyone who hadn't done it yet.",6729906662670336,8,0
2013-12-02T00:00:00,abf333,Survey 1638 Issue 55381,6732195880239104,1,0
2013-12-03T00:00:00,yms192,Survey 1661 Issue 55441,6741971225804800,1,0
2013-12-03T00:00:00,kjc004,"Survey 1740 Issue 58058
",6745991315193856,1,0
2013-10-25T00:00:00,acn310,Does a great job handling calls even when she has no idea what's going on.,6749081544163328,5,0
2013-12-03T00:00:00,gml654,"Survey 2205 Issue 73107
",6752334981890048,1,0
